Alloy,Series,Temper,Form,Processing,Al_wt,Cu_wt,Fe_wt,Mg_wt,Mn_wt,Si_wt,Ti_wt,Zn_wt,Cr_wt,Others_wt,Density_g_cm3,UTS_MPa,YS_MPa,Elongation_pct,Hardness_HB,Modulus_GPa,Source
1050A,1xxx,O,Sheet,Wrought,99.5,0.05,0.4,0.05,0.05,0.25,0.05,0.07,0.0,0.03,2.71,76.0,28.0,43.0,21.0,69.0,[1]p152
1050A,1xxx,H14,Sheet,Wrought,99.5,0.05,0.4,0.05,0.05,0.25,0.05,0.07,0.0,0.03,2.71,125.0,85.0,9.0,28.0,69.0,[1]p152
1050A,1xxx,H18,Sheet,Wrought,99.5,0.05,0.4,0.05,0.05,0.25,0.05,0.07,0.0,0.03,2.71,145.0,130.0,5.0,35.0,69.0,[1]p152
1100,1xxx,O,Sheet,Wrought,99.0,0.12,0.5,0.0,0.05,0.25,0.0,0.1,0.0,0.05,2.71,89.0,34.0,35.0,23.0,69.0,"[1]p154,[2]"
1100,1xxx,H12,Sheet,Wrought,99.0,0.12,0.5,0.0,0.05,0.25,0.0,0.1,0.0,0.05,2.71,110.0,103.0,12.0,28.0,69.0,"[1]p154,[2]"
1100,1xxx,H14,Sheet,Wrought,99.0,0.12,0.5,0.0,0.05,0.25,0.0,0.1,0.0,0.05,2.71,124.0,117.0,9.0,32.0,69.0,"[1]p154,[2]"
1100,1xxx,H16,Sheet,Wrought,99.0,0.12,0.5,0.0,0.05,0.25,0.0,0.1,0.0,0.05,2.71,145.0,138.0,6.0,38.0,69.0,[2]
1100,1xxx,H18,Sheet,Wrought,99.0,0.12,0.5,0.0,0.05,0.25,0.0,0.1,0.0,0.05,2.71,165.0,152.0,5.0,44.0,69.0,"[1]p154,[2]"
1200,1xxx,O,Sheet,Wrought,99.0,0.05,0.5,0.0,0.05,0.5,0.05,0.1,0.0,0.05,2.7,87.0,34.0,35.0,23.0,69.0,[1]p156
1200,1xxx,H14,Sheet,Wrought,99.0,0.05,0.5,0.0,0.05,0.5,0.05,0.1,0.0,0.05,2.7,120.0,103.0,10.0,30.0,69.0,[1]p156
1350,1xxx,O,Wire,Wrought,99.5,0.05,0.4,0.0,0.01,0.1,0.02,0.05,0.01,0.03,2.7,83.0,28.0,23.0,17.0,69.0,"[1]p160,[2]"
1350,1xxx,H14,Wire,Wrought,99.5,0.05,0.4,0.0,0.01,0.1,0.02,0.05,0.01,0.03,2.7,110.0,97.0,5.0,30.0,69.0,[2]
1350,1xxx,H19,Wire,Wrought,99.5,0.05,0.4,0.0,0.01,0.1,0.02,0.05,0.01,0.03,2.7,186.0,165.0,1.5,55.0,69.0,[1]p160
2011,2xxx,T3,Bar,Wrought,93.7,5.5,0.7,0.0,0.0,0.4,0.0,0.3,0.0,0.8,2.83,379.0,296.0,15.0,95.0,70.3,"[1]p148,[2]"
2011,2xxx,T6,Rod,Wrought,93.7,5.5,0.7,0.0,0.0,0.4,0.0,0.3,0.0,0.8,2.83,370.0,270.0,6.0,110.0,70.3,[1]p148
2011,2xxx,T8,Bar,Wrought,93.7,5.5,0.7,0.0,0.0,0.4,0.0,0.3,0.0,0.8,2.83,407.0,310.0,12.0,100.0,70.3,[2]
2014,2xxx,O,Sheet,Wrought,93.5,4.4,0.5,0.5,0.8,0.8,0.15,0.25,0.1,0.05,2.8,186.0,97.0,18.0,45.0,73.1,"[2],[3]"
2014,2xxx,T4,Sheet,Wrought,93.5,4.4,0.5,0.5,0.8,0.8,0.15,0.25,0.1,0.05,2.8,427.0,290.0,20.0,105.0,73.1,"[2],[3]"
2014,2xxx,T6,Extrusion,Wrought,93.5,4.4,0.5,0.5,0.8,0.8,0.15,0.25,0.1,0.05,2.8,483.0,414.0,13.0,135.0,73.1,"[1]p147,[2]"
2014,2xxx,T6,Rod,Wrought,93.5,4.4,0.5,0.5,0.8,0.8,0.15,0.25,0.1,0.05,2.8,460.0,400.0,6.0,125.0,73.1,[1]p147
2014,2xxx,T651,Plate,Wrought,93.5,4.4,0.5,0.5,0.8,0.8,0.15,0.25,0.1,0.05,2.8,483.0,414.0,13.0,135.0,73.1,[2]
2017,2xxx,T4,Bar,Wrought,93.7,4.0,0.5,0.6,0.7,0.5,0.0,0.25,0.1,0.05,2.79,427.0,276.0,22.0,105.0,72.4,[2]
2017,2xxx,O,Sheet,Wrought,93.7,4.0,0.5,0.6,0.7,0.5,0.0,0.25,0.1,0.05,2.79,179.0,69.0,22.0,45.0,72.4,[2]
2024,2xxx,O,Sheet,Wrought,93.5,4.4,0.5,1.5,0.6,0.5,0.15,0.25,0.1,0.05,2.78,186.0,76.0,20.0,47.0,73.1,"[2],[3]"
2024,2xxx,T3,Sheet,Wrought,93.5,4.4,0.5,1.5,0.6,0.5,0.15,0.25,0.1,0.05,2.78,483.0,345.0,18.0,120.0,73.1,"[2],[3]"
2024,2xxx,T4,Sheet,Wrought,93.5,4.4,0.5,1.5,0.6,0.5,0.15,0.25,0.1,0.05,2.78,469.0,324.0,19.0,120.0,73.1,[2]
2024,2xxx,T351,Plate,Wrought,93.5,4.4,0.5,1.5,0.6,0.5,0.15,0.25,0.1,0.05,2.78,469.0,324.0,19.0,120.0,73.1,[2]
2024,2xxx,T361,Sheet,Wrought,93.5,4.4,0.5,1.5,0.6,0.5,0.15,0.25,0.1,0.05,2.78,496.0,393.0,11.0,130.0,73.1,[2]
2024,2xxx,T81,Sheet,Wrought,93.5,4.4,0.5,1.5,0.6,0.5,0.15,0.25,0.1,0.05,2.78,483.0,448.0,6.0,128.0,73.1,[2]
2024,2xxx,T861,Sheet,Wrought,93.5,4.4,0.5,1.5,0.6,0.5,0.15,0.25,0.1,0.05,2.78,517.0,490.0,6.0,135.0,73.1,[2]
2124,2xxx,T851,Plate,Wrought,93.5,4.4,0.2,1.5,0.6,0.2,0.15,0.25,0.1,0.05,2.78,483.0,441.0,8.0,130.0,73.1,[2]
2219,2xxx,O,Sheet,Wrought,93.0,6.3,0.3,0.02,0.3,0.2,0.06,0.1,0.0,0.18,2.84,172.0,76.0,18.0,37.0,73.1,[2]
2219,2xxx,T62,Sheet,Wrought,93.0,6.3,0.3,0.02,0.3,0.2,0.06,0.1,0.0,0.18,2.84,414.0,290.0,10.0,110.0,73.1,[2]
2219,2xxx,T81,Sheet,Wrought,93.0,6.3,0.3,0.02,0.3,0.2,0.06,0.1,0.0,0.18,2.84,455.0,352.0,10.0,118.0,73.1,[2]
2219,2xxx,T87,Sheet,Wrought,93.0,6.3,0.3,0.02,0.3,0.2,0.06,0.1,0.0,0.18,2.84,476.0,393.0,10.0,128.0,73.1,[2]
2618,2xxx,T61,Forging,Wrought,93.7,2.3,1.1,1.5,0.0,0.18,0.07,0.1,0.0,1.1,2.76,441.0,372.0,10.0,115.0,74.5,[2]
3003,3xxx,O,Sheet,Wrought,98.6,0.12,0.7,0.0,1.2,0.6,0.0,0.1,0.0,0.05,2.73,110.0,41.0,30.0,28.0,69.0,[2]
3003,3xxx,H12,Sheet,Wrought,98.6,0.12,0.7,0.0,1.2,0.6,0.0,0.1,0.0,0.05,2.73,131.0,117.0,10.0,35.0,69.0,[2]
3003,3xxx,H14,Sheet,Wrought,98.6,0.12,0.7,0.0,1.2,0.6,0.0,0.1,0.0,0.05,2.73,152.0,145.0,8.0,40.0,69.0,[2]
3003,3xxx,H18,Sheet,Wrought,98.6,0.12,0.7,0.0,1.2,0.6,0.0,0.1,0.0,0.05,2.73,200.0,186.0,4.0,55.0,69.0,[2]
3004,3xxx,O,Sheet,Wrought,97.2,0.25,0.7,1.0,1.2,0.3,0.0,0.25,0.0,0.05,2.72,179.0,69.0,20.0,45.0,69.0,[2]
3004,3xxx,H34,Sheet,Wrought,97.2,0.25,0.7,1.0,1.2,0.3,0.0,0.25,0.0,0.05,2.72,241.0,200.0,9.0,63.0,69.0,[2]
3004,3xxx,H38,Sheet,Wrought,97.2,0.25,0.7,1.0,1.2,0.3,0.0,0.25,0.0,0.05,2.72,283.0,248.0,5.0,77.0,69.0,[2]
3105,3xxx,O,Sheet,Wrought,98.3,0.3,0.7,0.5,0.55,0.6,0.1,0.4,0.2,0.05,2.72,117.0,55.0,24.0,32.0,69.0,[2]
3105,3xxx,H25,Sheet,Wrought,98.3,0.3,0.7,0.5,0.55,0.6,0.1,0.4,0.2,0.05,2.72,179.0,159.0,8.0,52.0,69.0,[2]
4032,4xxx,T6,Forging,Wrought,85.0,0.9,1.0,1.0,0.0,12.2,0.0,0.25,0.1,0.05,2.68,379.0,317.0,9.0,120.0,79.0,[2]
4032,4xxx,O,Forging,Wrought,85.0,0.9,1.0,1.0,0.0,12.2,0.0,0.25,0.1,0.05,2.68,179.0,100.0,17.0,55.0,79.0,[2]
4043,4xxx,O,Wire,Wrought,94.2,0.3,0.8,0.05,0.05,5.2,0.2,0.1,0.0,0.05,2.69,145.0,70.0,22.0,35.0,70.0,[2]
4043,4xxx,H18,Wire,Wrought,94.2,0.3,0.8,0.05,0.05,5.2,0.2,0.1,0.0,0.05,2.69,283.0,269.0,1.0,84.0,70.0,[2]
5005,5xxx,O,Sheet,Wrought,99.2,0.2,0.7,0.8,0.2,0.3,0.0,0.25,0.1,0.05,2.7,124.0,41.0,25.0,28.0,69.0,"[1]p146,[2]"
5005,5xxx,H34,Sheet,Wrought,99.2,0.2,0.7,0.8,0.2,0.3,0.0,0.25,0.1,0.05,2.7,159.0,138.0,8.0,41.0,69.0,[2]
5005,5xxx,H38,Sheet,Wrought,99.2,0.2,0.7,0.8,0.2,0.3,0.0,0.25,0.1,0.05,2.7,200.0,186.0,4.0,51.0,69.0,[2]
5052,5xxx,O,Sheet,Wrought,97.2,0.1,0.4,2.5,0.1,0.25,0.0,0.1,0.25,0.05,2.68,193.0,89.0,25.0,47.0,70.3,"[2],[3]"
5052,5xxx,H32,Sheet,Wrought,97.2,0.1,0.4,2.5,0.1,0.25,0.0,0.1,0.25,0.05,2.68,228.0,193.0,12.0,60.0,70.3,[2]
5052,5xxx,H34,Sheet,Wrought,97.2,0.1,0.4,2.5,0.1,0.25,0.0,0.1,0.25,0.05,2.68,262.0,214.0,10.0,68.0,70.3,"[2],[3]"
5052,5xxx,H36,Sheet,Wrought,97.2,0.1,0.4,2.5,0.1,0.25,0.0,0.1,0.25,0.05,2.68,276.0,241.0,8.0,73.0,70.3,[2]
5052,5xxx,H38,Sheet,Wrought,97.2,0.1,0.4,2.5,0.1,0.25,0.0,0.1,0.25,0.05,2.68,290.0,255.0,7.0,77.0,70.3,[2]
5083,5xxx,O,Plate,Wrought,94.2,0.1,0.4,4.4,0.7,0.4,0.15,0.25,0.15,0.05,2.66,290.0,145.0,22.0,67.0,71.0,"[2],[3]"
5083,5xxx,H116,Plate,Wrought,94.2,0.1,0.4,4.4,0.7,0.4,0.15,0.25,0.15,0.05,2.66,317.0,228.0,16.0,75.0,71.0,[2]
5083,5xxx,H321,Sheet,Wrought,94.2,0.1,0.4,4.4,0.7,0.4,0.15,0.25,0.15,0.05,2.66,317.0,228.0,16.0,75.0,71.0,[2]
5086,5xxx,O,Sheet,Wrought,95.4,0.1,0.5,4.0,0.45,0.4,0.15,0.25,0.15,0.05,2.66,262.0,117.0,22.0,62.0,71.0,[2]
5086,5xxx,H34,Sheet,Wrought,95.4,0.1,0.5,4.0,0.45,0.4,0.15,0.25,0.15,0.05,2.66,324.0,255.0,10.0,82.0,71.0,[2]
5154,5xxx,O,Sheet,Wrought,96.2,0.1,0.4,3.5,0.1,0.25,0.2,0.2,0.25,0.05,2.66,241.0,117.0,27.0,58.0,70.3,[2]
5154,5xxx,H34,Sheet,Wrought,96.2,0.1,0.4,3.5,0.1,0.25,0.2,0.2,0.25,0.05,2.66,290.0,228.0,13.0,73.0,70.3,[2]
5182,5xxx,O,Sheet,Wrought,95.2,0.15,0.35,4.5,0.35,0.2,0.1,0.25,0.1,0.05,2.65,276.0,131.0,23.0,67.0,71.0,[2]
5251,5xxx,O,Sheet,Wrought,97.6,0.15,0.5,2.0,0.1,0.4,0.15,0.15,0.15,0.05,2.69,180.0,80.0,23.0,46.0,70.0,[2]
5251,5xxx,H34,Sheet,Wrought,97.6,0.15,0.5,2.0,0.1,0.4,0.15,0.15,0.15,0.05,2.69,230.0,180.0,10.0,63.0,70.0,[2]
5454,5xxx,O,Sheet,Wrought,96.0,0.1,0.4,2.7,0.8,0.25,0.2,0.25,0.12,0.05,2.69,248.0,117.0,22.0,62.0,70.3,[2]
5454,5xxx,H34,Sheet,Wrought,96.0,0.1,0.4,2.7,0.8,0.25,0.2,0.25,0.12,0.05,2.69,303.0,241.0,10.0,81.0,70.3,[2]
5456,5xxx,O,Plate,Wrought,93.6,0.1,0.4,5.1,0.8,0.25,0.2,0.25,0.12,0.05,2.66,310.0,159.0,24.0,70.0,71.0,[2]
5456,5xxx,H116,Plate,Wrought,93.6,0.1,0.4,5.1,0.8,0.25,0.2,0.25,0.12,0.05,2.66,352.0,255.0,16.0,90.0,71.0,[2]
5754,5xxx,O,Sheet,Wrought,96.6,0.1,0.4,3.1,0.5,0.4,0.15,0.2,0.3,0.05,2.67,220.0,100.0,26.0,52.0,70.0,"[1]p147,[2]"
5754,5xxx,H111,Sheet,Wrought,96.6,0.1,0.4,3.1,0.5,0.4,0.15,0.2,0.3,0.05,2.67,250.0,180.0,14.0,65.0,70.0,[1]p147
6005,6xxx,T5,Extrusion,Wrought,97.9,0.1,0.35,0.5,0.1,0.8,0.1,0.1,0.1,0.05,2.7,262.0,241.0,8.0,75.0,69.0,[2]
6060,6xxx,T5,Extrusion,Wrought,98.5,0.1,0.2,0.5,0.1,0.4,0.1,0.15,0.05,0.05,2.7,195.0,150.0,12.0,60.0,69.0,[2]
6060,6xxx,T6,Extrusion,Wrought,98.5,0.1,0.2,0.5,0.1,0.4,0.1,0.15,0.05,0.05,2.7,215.0,175.0,10.0,65.0,69.0,[2]
6061,6xxx,O,Sheet,Wrought,97.9,0.28,0.7,1.0,0.15,0.6,0.15,0.25,0.2,0.05,2.7,124.0,55.0,25.0,30.0,69.0,"[2],[3]"
6061,6xxx,T4,Sheet,Wrought,97.9,0.28,0.7,1.0,0.15,0.6,0.15,0.25,0.2,0.05,2.7,241.0,145.0,22.0,65.0,69.0,"[2],[3]"
6061,6xxx,T6,Sheet,Wrought,97.9,0.28,0.7,1.0,0.15,0.6,0.15,0.25,0.2,0.05,2.7,310.0,276.0,12.0,95.0,69.0,"[2],[3]"
6061,6xxx,T6,Extrusion,Wrought,97.9,0.28,0.7,1.0,0.15,0.6,0.15,0.25,0.2,0.05,2.7,310.0,276.0,12.0,95.0,69.0,[2]
6061,6xxx,T651,Plate,Wrought,97.9,0.28,0.7,1.0,0.15,0.6,0.15,0.25,0.2,0.05,2.7,310.0,276.0,12.0,95.0,69.0,[2]
6061,6xxx,T6,Forging,Forged,97.9,0.28,0.7,1.0,0.15,0.6,0.15,0.25,0.2,0.05,2.7,310.0,276.0,12.0,95.0,69.0,[2]
6063,6xxx,O,Extrusion,Wrought,98.9,0.1,0.35,0.7,0.1,0.4,0.1,0.1,0.1,0.05,2.7,90.0,48.0,25.0,25.0,69.0,[2]
6063,6xxx,T1,Extrusion,Wrought,98.9,0.1,0.35,0.7,0.1,0.4,0.1,0.1,0.1,0.05,2.7,152.0,90.0,20.0,42.0,69.0,[2]
6063,6xxx,T4,Extrusion,Wrought,98.9,0.1,0.35,0.7,0.1,0.4,0.1,0.1,0.1,0.05,2.7,172.0,90.0,22.0,52.0,69.0,[2]
6063,6xxx,T5,Extrusion,Wrought,98.9,0.1,0.35,0.7,0.1,0.4,0.1,0.1,0.1,0.05,2.7,186.0,145.0,12.0,60.0,69.0,[2]
6063,6xxx,T6,Extrusion,Wrought,98.9,0.1,0.35,0.7,0.1,0.4,0.1,0.1,0.1,0.05,2.7,241.0,214.0,12.0,73.0,69.0,"[2],[3]"
6063,6xxx,T83,Extrusion,Wrought,98.9,0.1,0.35,0.7,0.1,0.4,0.1,0.1,0.1,0.05,2.7,255.0,241.0,9.0,82.0,69.0,[2]
6082,6xxx,O,Plate,Wrought,97.5,0.1,0.5,0.9,0.7,1.0,0.1,0.2,0.25,0.05,2.71,130.0,60.0,27.0,35.0,69.0,[2]
6082,6xxx,T4,Sheet,Wrought,97.5,0.1,0.5,0.9,0.7,1.0,0.1,0.2,0.25,0.05,2.71,260.0,170.0,19.0,75.0,69.0,[2]
6082,6xxx,T6,Extrusion,Wrought,97.5,0.1,0.5,0.9,0.7,1.0,0.1,0.2,0.25,0.05,2.71,310.0,260.0,10.0,95.0,69.0,"[1]p148,[2]"
6082,6xxx,T651,Plate,Wrought,97.5,0.1,0.5,0.9,0.7,1.0,0.1,0.2,0.25,0.05,2.71,310.0,260.0,10.0,90.0,69.0,[2]
6101,6xxx,T6,Bar,Wrought,98.8,0.1,0.5,0.6,0.03,0.5,0.0,0.1,0.03,0.05,2.7,221.0,193.0,15.0,71.0,69.0,[2]
6111,6xxx,T4,Sheet,Wrought,97.5,0.7,0.4,0.7,0.3,0.8,0.1,0.15,0.1,0.05,2.71,290.0,165.0,26.0,80.0,69.0,[2]
6262,6xxx,T9,Bar,Wrought,96.8,0.28,0.7,1.0,0.15,0.6,0.15,0.25,0.09,1.1,2.72,400.0,379.0,10.0,120.0,69.0,[2]
6351,6xxx,T6,Extrusion,Wrought,97.3,0.1,0.5,0.6,0.6,1.0,0.2,0.2,0.0,0.05,2.71,310.0,283.0,14.0,95.0,69.0,[2]
7005,7xxx,T53,Extrusion,Wrought,92.8,0.1,0.4,1.4,0.45,0.35,0.04,4.5,0.13,0.05,2.78,393.0,345.0,15.0,100.0,72.0,[2]
7020,7xxx,T6,Plate,Wrought,92.3,0.2,0.4,1.2,0.3,0.35,0.0,4.5,0.2,0.05,2.78,370.0,310.0,10.0,105.0,72.0,"[1]p147,[2]"
7049,7xxx,T73,Forging,Forged,88.2,1.6,0.35,2.4,0.2,0.25,0.1,7.7,0.16,0.05,2.84,524.0,462.0,11.0,135.0,72.4,[2]
7050,7xxx,T7451,Plate,Wrought,89.0,2.3,0.15,2.2,0.1,0.12,0.06,6.2,0.04,0.05,2.83,510.0,448.0,11.0,140.0,71.7,[2]
7050,7xxx,T7651,Plate,Wrought,89.0,2.3,0.15,2.2,0.1,0.12,0.06,6.2,0.04,0.05,2.83,524.0,462.0,11.0,140.0,71.7,[2]
7075,7xxx,O,Sheet,Wrought,90.0,1.6,0.5,2.5,0.3,0.4,0.2,5.6,0.23,0.05,2.81,228.0,103.0,17.0,60.0,71.7,"[2],[3]"
7075,7xxx,T6,Sheet,Wrought,90.0,1.6,0.5,2.5,0.3,0.4,0.2,5.6,0.23,0.05,2.81,572.0,503.0,11.0,150.0,71.7,"[2],[3]"
7075,7xxx,T6,Extrusion,Wrought,90.0,1.6,0.5,2.5,0.3,0.4,0.2,5.6,0.23,0.05,2.81,572.0,503.0,11.0,150.0,71.7,[2]
7075,7xxx,T651,Plate,Wrought,90.0,1.6,0.5,2.5,0.3,0.4,0.2,5.6,0.23,0.05,2.81,572.0,503.0,11.0,150.0,71.7,[2]
7075,7xxx,T73,Sheet,Wrought,90.0,1.6,0.5,2.5,0.3,0.4,0.2,5.6,0.23,0.05,2.81,503.0,434.0,13.0,135.0,71.7,[2]
7075,7xxx,T76,Sheet,Wrought,90.0,1.6,0.5,2.5,0.3,0.4,0.2,5.6,0.23,0.05,2.81,538.0,469.0,12.0,142.0,71.7,[2]
7150,7xxx,T77511,Extrusion,Wrought,89.6,2.0,0.15,2.2,0.1,0.12,0.04,6.4,0.04,0.05,2.82,572.0,517.0,10.0,152.0,71.7,[2]
7175,7xxx,T66,Forging,Forged,90.0,1.6,0.2,2.5,0.1,0.15,0.1,5.6,0.23,0.05,2.8,524.0,455.0,11.0,143.0,72.0,[2]
7175,7xxx,T736,Forging,Forged,90.0,1.6,0.2,2.5,0.1,0.15,0.1,5.6,0.23,0.05,2.8,490.0,421.0,11.0,135.0,72.0,[2]
7178,7xxx,T6,Sheet,Wrought,88.5,2.0,0.5,2.8,0.3,0.4,0.2,6.8,0.28,0.05,2.83,607.0,538.0,10.0,160.0,72.4,[2]
7178,7xxx,T76,Sheet,Wrought,88.5,2.0,0.5,2.8,0.3,0.4,0.2,6.8,0.28,0.05,2.83,559.0,490.0,11.0,148.0,72.4,[2]
7475,7xxx,T61,Sheet,Wrought,90.0,1.5,0.12,2.25,0.06,0.1,0.06,5.7,0.22,0.05,2.81,565.0,490.0,12.0,148.0,70.3,[2]
7475,7xxx,T761,Sheet,Wrought,90.0,1.5,0.12,2.25,0.06,0.1,0.06,5.7,0.22,0.05,2.81,517.0,448.0,13.0,135.0,70.3,[2]
8011,8xxx,O,Foil,Wrought,98.3,0.1,0.7,0.0,0.0,0.6,0.0,0.1,0.0,0.05,2.71,97.0,41.0,28.0,20.0,69.0,[2]
8090,8xxx,T651,Plate,Wrought,94.6,1.3,0.3,0.95,0.1,0.2,0.1,0.25,0.1,2.4,2.55,480.0,400.0,8.0,130.0,80.0,[2]
8090,8xxx,T8771,Sheet,Wrought,94.6,1.3,0.3,0.95,0.1,0.2,0.1,0.25,0.1,2.4,2.55,500.0,420.0,6.0,135.0,80.0,[2]
A356.0,Cast,T6,Casting,Cast,92.0,0.2,0.2,0.35,0.1,7.0,0.2,0.1,0.0,0.05,2.68,262.0,186.0,5.0,80.0,72.4,[2]
A356.0,Cast,T61,Casting,Cast,92.0,0.2,0.2,0.35,0.1,7.0,0.2,0.1,0.0,0.05,2.68,283.0,207.0,10.0,85.0,72.4,[2]
319.0,Cast,T6,Casting,Cast,86.5,3.5,1.0,0.1,0.5,6.0,0.25,1.0,0.0,0.05,2.79,248.0,165.0,2.0,80.0,74.0,[2]
319.0,Cast,F,Casting,Cast,86.5,3.5,1.0,0.1,0.5,6.0,0.25,1.0,0.0,0.05,2.79,186.0,124.0,2.0,70.0,74.0,[2]
356.0,Cast,T6,Casting,Cast,92.0,0.25,0.6,0.33,0.35,7.0,0.25,0.35,0.0,0.05,2.68,228.0,165.0,3.5,70.0,72.4,[2]
356.0,Cast,T7,Casting,Cast,92.0,0.25,0.6,0.33,0.35,7.0,0.25,0.35,0.0,0.05,2.68,235.0,207.0,2.0,75.0,72.4,[2]
A380.0,Cast,F,Casting,Die Cast,83.5,3.5,1.3,0.1,0.5,8.5,0.0,3.0,0.0,0.05,2.74,331.0,159.0,3.5,80.0,71.0,[2]
A413.0,Cast,F,Casting,Die Cast,87.5,1.0,1.3,0.1,0.35,12.0,0.0,0.5,0.0,0.05,2.66,296.0,131.0,2.5,80.0,71.0,[2]
242.0,Cast,T571,Casting,Cast,93.5,4.0,1.0,1.5,0.35,0.7,0.25,0.35,0.25,0.05,2.82,207.0,172.0,2.0,105.0,71.0,[2]
242.0,Cast,T61,Casting,Cast,93.5,4.0,1.0,1.5,0.35,0.7,0.25,0.35,0.25,0.05,2.82,324.0,290.0,0.5,110.0,71.0,[2]
535.0,Cast,F,Casting,Cast,93.0,0.05,0.15,6.9,0.15,0.15,0.18,0.0,0.0,0.05,2.62,248.0,124.0,9.0,65.0,71.0,[2]
712.0,Cast,F,Casting,Cast,92.9,0.25,0.5,0.6,0.1,0.3,0.2,5.8,0.5,0.05,2.81,241.0,172.0,5.0,75.0,71.0,[2]
1050A_v1,1xxx,O,Sheet,Wrought,99.037,0.045,0.49,0.059,0.054,0.195,0.036,0.043,0.007,0.034,2.716,74.7,28.2,41.4,20.5,69.2,Aug([1]p152)
1050A_v2,1xxx,O,Sheet,Wrought,99.152,0.047,0.358,0.054,0.036,0.217,0.045,0.067,0.006,0.018,2.71,71.0,26.9,43.4,19.8,69.4,Aug([1]p152)
1050A_v1,1xxx,H14,Sheet,Wrought,98.997,0.033,0.49,0.069,0.062,0.219,0.034,0.081,0.0,0.015,2.71,128.5,81.7,9.1,25.9,67.6,Aug([1]p152)
1050A_v2,1xxx,H14,Sheet,Wrought,98.952,0.069,0.455,0.068,0.066,0.266,0.067,0.045,0.0,0.012,2.705,126.9,81.6,8.4,27.9,70.1,Aug([1]p152)
1050A_v1,1xxx,H18,Sheet,Wrought,99.105,0.041,0.409,0.036,0.062,0.182,0.069,0.086,0.0,0.01,2.719,148.9,133.7,4.7,34.3,69.3,Aug([1]p152)
1050A_v2,1xxx,H18,Sheet,Wrought,99.108,0.043,0.313,0.042,0.043,0.287,0.056,0.093,0.0,0.015,2.716,149.0,131.5,5.6,34.9,70.6,Aug([1]p152)
1100_v1,1xxx,O,Sheet,Wrought,99.024,0.121,0.486,0.0,0.034,0.175,0.005,0.089,0.0,0.066,2.702,91.9,32.6,32.8,22.1,69.9,"Aug([1]p154,[2])"
1100_v2,1xxx,O,Sheet,Wrought,98.92,0.132,0.437,0.016,0.052,0.299,0.016,0.089,0.0,0.039,2.708,90.5,35.0,35.7,23.2,68.8,"Aug([1]p154,[2])"
1100_v1,1xxx,H12,Sheet,Wrought,98.924,0.117,0.444,0.0,0.044,0.321,0.0,0.101,0.004,0.045,2.724,103.8,101.7,12.0,30.9,68.8,"Aug([1]p154,[2])"
1100_v2,1xxx,H12,Sheet,Wrought,98.915,0.106,0.498,0.019,0.04,0.278,0.01,0.084,0.005,0.045,2.714,110.9,104.9,14.1,26.9,68.4,"Aug([1]p154,[2])"
1100_v1,1xxx,H14,Sheet,Wrought,98.923,0.102,0.518,0.007,0.031,0.252,0.0,0.109,0.0,0.058,2.707,120.8,115.4,9.6,30.4,69.2,"Aug([1]p154,[2])"
1100_v2,1xxx,H14,Sheet,Wrought,98.897,0.121,0.448,0.0,0.066,0.314,0.005,0.09,0.0,0.059,2.722,129.2,118.2,9.2,31.3,69.3,"Aug([1]p154,[2])"
1100_v1,1xxx,H16,Sheet,Wrought,98.965,0.106,0.58,0.004,0.03,0.186,0.007,0.07,0.0,0.052,2.716,138.8,136.0,5.6,38.8,70.2,Aug([2])
1100_v2,1xxx,H16,Sheet,Wrought,98.905,0.126,0.57,0.006,0.053,0.185,0.0,0.086,0.0,0.069,2.707,141.4,138.6,6.4,37.9,70.5,Aug([2])
1100_v1,1xxx,H18,Sheet,Wrought,98.927,0.123,0.499,0.0,0.059,0.215,0.0,0.109,0.0,0.068,2.724,163.9,155.9,5.2,43.8,68.1,"Aug([1]p154,[2])"
1100_v2,1xxx,H18,Sheet,Wrought,98.864,0.134,0.463,0.0,0.052,0.32,0.008,0.104,0.0,0.055,2.725,158.3,153.1,4.5,45.0,69.6,"Aug([1]p154,[2])"
1200_v1,1xxx,O,Sheet,Wrought,98.569,0.058,0.54,0.0,0.042,0.549,0.062,0.122,0.008,0.05,2.7,89.6,36.5,37.6,24.1,68.7,Aug([1]p156)
1200_v2,1xxx,O,Sheet,Wrought,98.836,0.045,0.419,0.003,0.031,0.494,0.052,0.087,0.002,0.031,2.686,88.0,32.6,38.1,22.7,67.9,Aug([1]p156)
1200_v1,1xxx,H14,Sheet,Wrought,98.815,0.061,0.443,0.005,0.033,0.428,0.051,0.102,0.003,0.059,2.714,112.1,103.3,9.5,30.7,68.1,Aug([1]p156)
1200_v2,1xxx,H14,Sheet,Wrought,98.652,0.031,0.593,0.013,0.058,0.485,0.037,0.079,0.0,0.052,2.706,119.5,98.1,10.7,32.5,70.1,Aug([1]p156)
1350_v1,1xxx,O,Wire,Wrought,99.488,0.047,0.35,0.0,0.02,0.022,0.005,0.023,0.001,0.044,2.706,79.4,26.7,17.1,15.7,68.7,"Aug([1]p160,[2])"
1350_v2,1xxx,O,Wire,Wrought,99.318,0.046,0.423,0.005,0.0,0.08,0.025,0.05,0.017,0.036,2.69,79.8,28.1,21.9,17.0,68.6,"Aug([1]p160,[2])"
1350_v1,1xxx,H14,Wire,Wrought,99.254,0.068,0.415,0.0,0.016,0.093,0.022,0.076,0.008,0.048,2.712,111.9,95.9,4.9,29.7,68.4,Aug([2])
1350_v2,1xxx,H14,Wire,Wrought,99.245,0.035,0.439,0.005,0.025,0.138,0.032,0.037,0.004,0.04,2.709,113.0,96.9,5.0,31.7,68.4,Aug([2])
1350_v1,1xxx,H19,Wire,Wrought,99.205,0.044,0.486,0.014,0.007,0.14,0.03,0.026,0.018,0.03,2.71,190.4,163.5,1.5,55.0,69.1,Aug([1]p160)
1350_v2,1xxx,H19,Wire,Wrought,99.297,0.055,0.39,0.0,0.003,0.128,0.03,0.067,0.016,0.014,2.7,189.9,166.0,1.4,57.4,68.9,Aug([1]p160)
2011_v1,2xxx,T3,Bar,Wrought,92.501,5.381,0.585,0.0,0.078,0.435,0.0,0.217,0.02,0.783,2.84,370.3,294.0,13.5,88.5,69.5,"Aug([1]p148,[2])"
2011_v2,2xxx,T3,Bar,Wrought,92.171,5.722,0.718,0.0,0.122,0.283,0.0,0.202,0.0,0.782,2.819,381.2,304.9,13.8,98.2,71.9,"Aug([1]p148,[2])"
2011_v1,2xxx,T6,Rod,Wrought,91.963,5.87,0.662,0.0,0.111,0.317,0.046,0.202,0.047,0.782,2.842,381.3,280.3,5.6,109.1,70.4,Aug([1]p148)
2011_v2,2xxx,T6,Rod,Wrought,92.107,5.604,0.759,0.0,0.038,0.425,0.04,0.209,0.0,0.818,2.842,377.9,293.2,5.4,107.0,69.7,Aug([1]p148)
2011_v1,2xxx,T8,Bar,Wrought,92.104,5.471,0.656,0.042,0.0,0.542,0.049,0.34,0.004,0.792,2.839,397.8,316.9,10.6,108.1,71.6,Aug([2])
2011_v2,2xxx,T8,Bar,Wrought,91.728,5.89,0.595,0.047,0.0,0.541,0.034,0.368,0.0,0.797,2.823,413.5,324.5,11.3,102.3,71.2,Aug([2])
2014_v1,2xxx,O,Sheet,Wrought,92.411,4.36,0.389,0.727,0.832,0.719,0.167,0.274,0.086,0.035,2.805,197.8,101.0,19.6,45.8,75.4,"Aug([2],[3])"
2014_v2,2xxx,O,Sheet,Wrought,92.416,4.701,0.471,0.317,0.659,0.877,0.162,0.291,0.071,0.035,2.785,199.0,105.3,15.2,44.1,70.9,"Aug([2],[3])"
2014_v1,2xxx,T4,Sheet,Wrought,91.997,4.723,0.454,0.507,0.885,0.769,0.162,0.322,0.145,0.036,2.813,414.9,301.4,20.1,108.0,70.9,"Aug([2],[3])"
2014_v2,2xxx,T4,Sheet,Wrought,92.962,4.507,0.422,0.288,0.689,0.688,0.115,0.178,0.114,0.037,2.795,420.6,284.6,21.8,99.2,73.6,"Aug([2],[3])"
2014_v1,2xxx,T6,Extrusion,Wrought,93.296,4.154,0.362,0.334,0.734,0.703,0.109,0.174,0.096,0.038,2.796,497.7,400.2,13.0,131.9,72.8,"Aug([1]p147,[2])"
2014_v2,2xxx,T6,Extrusion,Wrought,92.407,4.645,0.574,0.342,0.713,0.761,0.148,0.274,0.087,0.049,2.807,482.0,425.8,13.1,152.6,74.3,"Aug([1]p147,[2])"
2014_v1,2xxx,T6,Rod,Wrought,93.048,4.086,0.484,0.516,0.723,0.731,0.138,0.154,0.082,0.038,2.795,472.0,399.8,6.6,128.7,73.0,Aug([1]p147)
2014_v2,2xxx,T6,Rod,Wrought,92.502,4.469,0.574,0.466,0.688,0.735,0.136,0.279,0.107,0.044,2.815,448.1,381.0,6.2,121.8,72.5,Aug([1]p147)
2014_v1,2xxx,T651,Plate,Wrought,92.919,4.149,0.436,0.337,0.919,0.674,0.152,0.232,0.148,0.034,2.797,465.5,413.7,14.2,126.6,73.0,Aug([2])
2014_v2,2xxx,T651,Plate,Wrought,92.517,4.457,0.434,0.635,0.706,0.747,0.143,0.252,0.074,0.035,2.803,496.0,426.3,11.2,135.2,71.8,Aug([2])
2017_v1,2xxx,T4,Bar,Wrought,93.697,4.026,0.366,0.518,0.59,0.369,0.049,0.214,0.131,0.04,2.795,429.5,286.0,17.9,100.2,72.9,Aug([2])
2017_v2,2xxx,T4,Bar,Wrought,92.943,4.264,0.64,0.412,0.769,0.632,0.0,0.163,0.124,0.053,2.8,428.7,283.7,20.9,104.5,72.0,Aug([2])
2017_v1,2xxx,O,Sheet,Wrought,93.381,3.731,0.594,0.683,0.707,0.458,0.038,0.228,0.132,0.048,2.786,164.4,62.1,22.3,46.3,72.7,Aug([2])
2017_v2,2xxx,O,Sheet,Wrought,93.216,3.907,0.513,0.803,0.737,0.385,0.044,0.276,0.083,0.036,2.799,179.5,72.4,26.0,45.6,72.6,Aug([2])
2024_v1,2xxx,O,Sheet,Wrought,92.387,4.121,0.444,1.374,0.673,0.36,0.157,0.302,0.138,0.044,2.79,175.7,63.5,19.9,44.6,73.8,"Aug([2],[3])"
2024_v2,2xxx,O,Sheet,Wrought,91.731,4.576,0.542,1.597,0.613,0.426,0.135,0.186,0.141,0.053,2.777,186.1,84.3,19.6,49.1,71.9,"Aug([2],[3])"
2024_v1,2xxx,T3,Sheet,Wrought,91.815,4.405,0.533,1.259,0.712,0.63,0.157,0.289,0.142,0.058,2.77,509.0,359.0,20.4,117.4,72.1,"Aug([2],[3])"
2024_v2,2xxx,T3,Sheet,Wrought,91.419,4.788,0.602,1.312,0.726,0.611,0.152,0.268,0.09,0.032,2.775,490.2,342.5,15.1,127.1,73.3,"Aug([2],[3])"
2024_v1,2xxx,T4,Sheet,Wrought,92.206,4.277,0.454,1.619,0.586,0.417,0.145,0.178,0.068,0.05,2.778,462.7,328.4,22.0,124.2,72.7,Aug([2])
2024_v2,2xxx,T4,Sheet,Wrought,92.238,4.068,0.649,1.501,0.629,0.37,0.175,0.192,0.14,0.038,2.771,445.0,313.1,18.7,113.7,73.1,Aug([2])
2024_v1,2xxx,T351,Plate,Wrought,91.861,4.62,0.486,1.512,0.582,0.47,0.156,0.181,0.068,0.064,2.793,453.0,320.0,17.1,129.7,74.2,Aug([2])
2024_v2,2xxx,T351,Plate,Wrought,92.643,4.022,0.417,1.366,0.652,0.356,0.11,0.31,0.068,0.056,2.772,473.9,307.2,19.2,119.1,73.4,Aug([2])
2024_v1,2xxx,T361,Sheet,Wrought,91.894,4.664,0.469,1.584,0.511,0.438,0.19,0.153,0.059,0.038,2.766,505.8,381.9,11.5,130.5,72.6,Aug([2])
2024_v2,2xxx,T361,Sheet,Wrought,92.179,4.208,0.464,1.545,0.53,0.537,0.141,0.26,0.094,0.042,2.793,506.9,380.3,11.6,128.4,74.3,Aug([2])
2024_v1,2xxx,T81,Sheet,Wrought,91.8,4.716,0.59,1.463,0.457,0.431,0.154,0.277,0.076,0.036,2.79,488.8,461.0,5.4,125.8,73.4,Aug([2])
2024_v2,2xxx,T81,Sheet,Wrought,92.095,4.219,0.516,1.576,0.699,0.412,0.101,0.177,0.14,0.065,2.783,465.6,456.3,6.8,117.3,71.6,Aug([2])
2024_v1,2xxx,T861,Sheet,Wrought,92.352,4.415,0.364,1.333,0.671,0.375,0.16,0.199,0.089,0.042,2.776,497.4,487.5,5.8,147.3,73.5,Aug([2])
2024_v2,2xxx,T861,Sheet,Wrought,92.169,4.586,0.414,1.266,0.529,0.529,0.105,0.249,0.11,0.043,2.788,518.7,488.9,6.8,131.4,75.1,Aug([2])
2124_v1,2xxx,T851,Plate,Wrought,92.56,4.197,0.296,1.65,0.658,0.132,0.159,0.222,0.059,0.067,2.769,479.8,447.5,8.3,122.2,73.5,Aug([2])
2124_v2,2xxx,T851,Plate,Wrought,92.121,4.645,0.248,1.596,0.705,0.125,0.149,0.194,0.149,0.068,2.766,500.5,457.4,7.7,133.9,71.8,Aug([2])
2219_v1,2xxx,O,Sheet,Wrought,92.033,6.632,0.16,0.119,0.239,0.327,0.107,0.189,0.0,0.194,2.85,188.5,87.8,17.5,40.0,72.8,Aug([2])
2219_v2,2xxx,O,Sheet,Wrought,92.89,5.962,0.359,0.0,0.367,0.07,0.042,0.108,0.029,0.173,2.844,162.0,66.5,19.9,34.2,74.1,Aug([2])
2219_v1,2xxx,T62,Sheet,Wrought,91.801,6.651,0.39,0.269,0.255,0.28,0.05,0.096,0.013,0.195,2.855,422.6,322.0,10.3,112.3,72.8,Aug([2])
2219_v2,2xxx,T62,Sheet,Wrought,92.912,6.184,0.236,0.0,0.22,0.063,0.012,0.198,0.0,0.175,2.845,406.2,295.7,10.1,108.3,73.7,Aug([2])
2219_v1,2xxx,T81,Sheet,Wrought,92.223,6.391,0.2,0.266,0.22,0.333,0.075,0.122,0.001,0.169,2.83,453.5,353.2,9.1,126.2,74.8,Aug([2])
2219_v2,2xxx,T81,Sheet,Wrought,92.48,6.457,0.196,0.178,0.217,0.117,0.064,0.119,0.008,0.164,2.851,452.4,351.2,9.4,120.9,73.5,Aug([2])
2219_v1,2xxx,T87,Sheet,Wrought,92.482,6.424,0.315,0.0,0.273,0.162,0.036,0.145,0.0,0.163,2.832,471.3,399.7,9.8,135.0,75.9,Aug([2])
2219_v2,2xxx,T87,Sheet,Wrought,92.16,6.56,0.254,0.109,0.32,0.13,0.098,0.159,0.016,0.194,2.851,477.1,415.2,9.9,136.3,74.5,Aug([2])
2618_v1,2xxx,T61,Forging,Wrought,93.413,2.395,1.176,1.329,0.114,0.292,0.023,0.165,0.0,1.093,2.767,448.3,369.1,9.9,121.9,74.8,Aug([2])
2618_v2,2xxx,T61,Forging,Wrought,93.418,2.405,1.028,1.567,0.012,0.264,0.031,0.152,0.004,1.119,2.755,446.7,385.9,9.9,114.6,74.8,Aug([2])
3003_v1,3xxx,O,Sheet,Wrought,97.182,0.08,0.783,0.0,1.233,0.554,0.007,0.055,0.037,0.069,2.744,107.3,40.2,33.8,27.6,68.4,Aug([2])
3003_v2,3xxx,O,Sheet,Wrought,97.176,0.075,0.899,0.0,1.181,0.499,0.018,0.119,0.0,0.033,2.735,115.3,38.2,32.1,28.4,68.8,Aug([2])
3003_v3,3xxx,O,Sheet,Wrought,97.108,0.104,0.755,0.0,1.11,0.745,0.0,0.139,0.0,0.039,2.716,106.4,43.5,29.7,29.8,69.4,Aug([2])
3003_v1,3xxx,H12,Sheet,Wrought,96.929,0.174,0.838,0.104,1.25,0.489,0.0,0.142,0.012,0.062,2.729,137.4,119.2,11.2,36.2,67.5,Aug([2])
3003_v2,3xxx,H12,Sheet,Wrought,97.275,0.033,0.733,0.0,1.319,0.543,0.0,0.051,0.0,0.046,2.729,123.1,117.5,10.8,34.8,68.0,Aug([2])
3003_v3,3xxx,H12,Sheet,Wrought,97.041,0.068,0.895,0.0,1.2,0.635,0.012,0.106,0.0,0.043,2.731,130.9,115.6,9.4,33.7,68.7,Aug([2])
3003_v1,3xxx,H14,Sheet,Wrought,97.224,0.134,0.776,0.12,1.08,0.5,0.0,0.114,0.021,0.031,2.743,153.5,143.6,8.4,41.0,69.9,Aug([2])
3003_v2,3xxx,H14,Sheet,Wrought,96.935,0.088,0.826,0.0,1.358,0.614,0.019,0.095,0.014,0.051,2.737,156.9,142.9,7.6,40.0,69.5,Aug([2])
3003_v3,3xxx,H14,Sheet,Wrought,97.019,0.215,0.635,0.0,1.316,0.648,0.0,0.106,0.022,0.039,2.745,156.3,149.9,8.2,39.6,68.8,Aug([2])
3003_v1,3xxx,H18,Sheet,Wrought,96.98,0.194,0.791,0.097,1.17,0.554,0.0,0.149,0.0,0.065,2.732,194.0,190.1,3.6,58.8,69.0,Aug([2])
3003_v2,3xxx,H18,Sheet,Wrought,96.986,0.2,0.669,0.0,1.237,0.724,0.0,0.112,0.013,0.059,2.719,206.6,191.4,3.6,54.8,69.1,Aug([2])
3003_v3,3xxx,H18,Sheet,Wrought,97.178,0.069,0.848,0.0,1.206,0.558,0.006,0.066,0.0,0.069,2.723,205.7,175.9,4.4,53.6,69.3,Aug([2])
3004_v1,3xxx,O,Sheet,Wrought,96.535,0.344,0.682,0.894,1.029,0.201,0.001,0.234,0.033,0.047,2.712,184.3,69.1,19.5,43.6,68.6,Aug([2])
3004_v2,3xxx,O,Sheet,Wrought,95.988,0.319,0.822,1.034,1.347,0.212,0.0,0.227,0.0,0.051,2.733,194.1,74.7,19.7,46.1,66.9,Aug([2])
3004_v3,3xxx,O,Sheet,Wrought,96.175,0.158,0.559,1.195,1.386,0.151,0.027,0.264,0.037,0.048,2.72,192.9,71.1,21.8,43.4,69.6,Aug([2])
3004_v1,3xxx,H34,Sheet,Wrought,96.09,0.344,0.538,1.069,1.178,0.41,0.0,0.269,0.034,0.068,2.725,237.3,221.9,8.7,64.9,70.2,Aug([2])
3004_v2,3xxx,H34,Sheet,Wrought,96.112,0.156,0.872,1.076,1.271,0.215,0.01,0.239,0.015,0.034,2.725,240.7,202.0,9.3,64.0,70.6,Aug([2])
3004_v3,3xxx,H34,Sheet,Wrought,96.063,0.326,0.662,0.931,1.267,0.392,0.016,0.28,0.0,0.063,2.709,246.7,201.2,8.9,61.1,67.6,Aug([2])
3004_v1,3xxx,H38,Sheet,Wrought,96.361,0.229,0.778,0.955,1.179,0.221,0.0,0.223,0.0,0.054,2.725,274.9,264.9,5.5,75.2,66.4,Aug([2])
3004_v2,3xxx,H38,Sheet,Wrought,96.421,0.155,0.636,0.952,1.16,0.324,0.002,0.261,0.026,0.063,2.727,298.6,250.4,5.3,76.2,68.9,Aug([2])
3004_v3,3xxx,H38,Sheet,Wrought,96.396,0.162,0.874,0.941,1.041,0.296,0.0,0.228,0.0,0.062,2.721,285.9,229.4,4.8,78.5,67.9,Aug([2])
3105_v1,3xxx,O,Sheet,Wrought,96.668,0.236,0.772,0.373,0.56,0.663,0.076,0.407,0.176,0.069,2.72,112.9,51.4,26.8,31.3,68.5,Aug([2])
3105_v2,3xxx,O,Sheet,Wrought,96.27,0.39,0.741,0.628,0.704,0.518,0.083,0.411,0.191,0.064,2.732,118.6,60.3,22.4,34.9,68.7,Aug([2])
3105_v3,3xxx,O,Sheet,Wrought,96.642,0.334,0.538,0.55,0.531,0.626,0.08,0.424,0.236,0.039,2.708,123.0,57.2,23.7,33.7,71.3,Aug([2])
3105_v1,3xxx,H25,Sheet,Wrought,96.53,0.246,0.656,0.538,0.549,0.746,0.078,0.42,0.19,0.047,2.727,182.6,168.2,7.7,51.9,68.5,Aug([2])
3105_v2,3xxx,H25,Sheet,Wrought,96.997,0.245,0.642,0.328,0.558,0.47,0.118,0.373,0.204,0.065,2.725,167.4,141.6,8.6,52.3,67.6,Aug([2])
3105_v3,3xxx,H25,Sheet,Wrought,96.318,0.399,0.765,0.523,0.642,0.59,0.074,0.406,0.246,0.037,2.726,184.6,155.9,7.7,51.5,68.3,Aug([2])
4032_v1,4xxx,T6,Forging,Wrought,84.329,0.949,1.118,1.128,0.0,11.999,0.0,0.299,0.126,0.052,2.69,396.9,347.7,9.1,121.8,78.6,Aug([2])
4032_v2,4xxx,T6,Forging,Wrought,85.352,0.788,1.13,1.085,0.021,11.272,0.0,0.226,0.092,0.034,2.693,350.5,315.7,8.9,106.1,79.0,Aug([2])
4032_v3,4xxx,T6,Forging,Wrought,84.756,1.026,0.999,1.148,0.035,11.617,0.043,0.212,0.119,0.045,2.691,409.0,323.4,9.4,116.4,79.9,Aug([2])
4032_v4,4xxx,T6,Forging,Wrought,84.986,0.774,0.961,0.902,0.019,11.892,0.048,0.264,0.119,0.035,2.691,371.7,318.6,10.6,119.9,78.8,Aug([2])
4032_v1,4xxx,O,Forging,Wrought,85.591,0.87,0.859,0.96,0.0,11.252,0.0,0.296,0.103,0.069,2.678,163.2,93.0,15.1,48.8,78.3,Aug([2])
4032_v2,4xxx,O,Forging,Wrought,85.209,0.942,0.886,1.036,0.015,11.504,0.0,0.278,0.098,0.032,2.695,176.0,96.9,16.6,52.1,78.2,Aug([2])
4032_v3,4xxx,O,Forging,Wrought,84.583,0.903,1.199,1.094,0.012,11.813,0.012,0.253,0.096,0.035,2.692,180.0,96.0,16.8,51.9,76.7,Aug([2])
4032_v4,4xxx,O,Forging,Wrought,84.448,0.998,1.093,1.081,0.0,12.032,0.0,0.202,0.086,0.06,2.669,173.3,103.8,16.9,56.8,79.1,Aug([2])
4043_v1,4xxx,O,Wire,Wrought,93.876,0.286,0.938,0.0,0.049,4.5,0.182,0.124,0.0,0.045,2.687,135.0,68.6,22.2,31.3,70.7,Aug([2])
4043_v2,4xxx,O,Wire,Wrought,94.108,0.356,0.775,0.0,0.084,4.277,0.24,0.096,0.008,0.056,2.702,143.8,68.9,22.8,30.6,70.0,Aug([2])
4043_v3,4xxx,O,Wire,Wrought,92.901,0.304,0.872,0.0,0.008,5.633,0.157,0.057,0.0,0.068,2.697,143.7,67.3,20.0,38.0,69.5,Aug([2])
4043_v4,4xxx,O,Wire,Wrought,93.111,0.348,0.674,0.0,0.01,5.521,0.226,0.077,0.0,0.033,2.704,150.8,69.1,19.3,38.1,69.8,Aug([2])
4043_v1,4xxx,H18,Wire,Wrought,93.879,0.335,0.91,0.093,0.053,4.284,0.247,0.13,0.0,0.069,2.693,276.5,271.0,1.6,83.1,70.7,Aug([2])
4043_v2,4xxx,H18,Wire,Wrought,93.571,0.188,0.735,0.178,0.022,4.944,0.193,0.094,0.007,0.068,2.682,278.1,263.7,1.3,85.3,70.8,Aug([2])
4043_v3,4xxx,H18,Wire,Wrought,92.337,0.408,0.939,0.176,0.025,5.71,0.196,0.134,0.014,0.061,2.695,288.2,280.8,0.3,89.5,69.6,Aug([2])
4043_v4,4xxx,H18,Wire,Wrought,92.762,0.395,0.685,0.052,0.084,5.666,0.204,0.109,0.001,0.042,2.692,295.7,278.4,0.6,88.9,70.1,Aug([2])
5005_v1,5xxx,O,Sheet,Wrought,97.322,0.102,0.624,0.981,0.348,0.22,0.0,0.31,0.041,0.052,2.707,121.7,41.6,25.9,29.8,68.3,"Aug([1]p146,[2])"
5005_v2,5xxx,O,Sheet,Wrought,97.359,0.211,0.552,1.009,0.061,0.349,0.0,0.342,0.074,0.043,2.689,130.4,45.1,28.2,28.8,69.3,"Aug([1]p146,[2])"
5005_v1,5xxx,H34,Sheet,Wrought,97.435,0.178,0.674,0.956,0.051,0.324,0.0,0.309,0.019,0.054,2.699,164.6,137.1,8.0,44.0,71.1,Aug([2])
5005_v2,5xxx,H34,Sheet,Wrought,97.241,0.212,0.731,0.941,0.291,0.254,0.033,0.25,0.015,0.032,2.695,165.8,146.4,7.9,44.4,67.8,Aug([2])
5005_v1,5xxx,H38,Sheet,Wrought,97.63,0.166,0.68,0.471,0.116,0.32,0.024,0.35,0.187,0.056,2.698,192.8,187.1,4.5,48.8,68.0,Aug([2])
5005_v2,5xxx,H38,Sheet,Wrought,97.494,0.268,0.665,0.857,0.226,0.237,0.0,0.217,0.005,0.031,2.71,202.1,176.2,4.0,50.9,68.5,Aug([2])
5052_v1,5xxx,O,Sheet,Wrought,96.388,0.175,0.503,2.249,0.191,0.242,0.0,0.027,0.166,0.059,2.68,180.6,90.0,24.2,44.9,70.8,"Aug([2],[3])"
5052_v2,5xxx,O,Sheet,Wrought,96.141,0.122,0.291,2.701,0.147,0.341,0.0,0.011,0.206,0.04,2.672,195.3,93.9,26.6,46.6,72.0,"Aug([2],[3])"
5052_v1,5xxx,H32,Sheet,Wrought,96.751,0.013,0.396,2.127,0.0,0.331,0.0,0.106,0.232,0.044,2.692,216.0,182.1,13.0,53.5,69.7,Aug([2])
5052_v2,5xxx,H32,Sheet,Wrought,96.171,0.146,0.544,2.305,0.146,0.19,0.007,0.093,0.344,0.054,2.675,221.7,185.9,12.3,62.3,69.2,Aug([2])
5052_v1,5xxx,H34,Sheet,Wrought,96.41,0.172,0.467,2.154,0.162,0.259,0.0,0.092,0.247,0.037,2.693,258.4,212.5,10.9,60.5,69.2,"Aug([2],[3])"
5052_v2,5xxx,H34,Sheet,Wrought,96.536,0.13,0.414,2.15,0.104,0.311,0.0,0.01,0.307,0.038,2.673,251.8,199.6,10.4,70.4,70.6,"Aug([2],[3])"
5052_v1,5xxx,H36,Sheet,Wrought,96.346,0.176,0.511,2.291,0.085,0.347,0.027,0.005,0.163,0.049,2.692,270.8,235.8,10.1,73.1,69.5,Aug([2])
5052_v2,5xxx,H36,Sheet,Wrought,95.901,0.164,0.364,2.72,0.239,0.191,0.002,0.057,0.309,0.053,2.684,279.1,259.4,7.8,77.4,70.9,Aug([2])
5052_v1,5xxx,H38,Sheet,Wrought,95.98,0.159,0.345,2.786,0.222,0.205,0.048,0.028,0.19,0.037,2.692,289.1,253.4,6.9,85.3,69.2,Aug([2])
5052_v2,5xxx,H38,Sheet,Wrought,95.744,0.017,0.515,2.743,0.102,0.343,0.0,0.197,0.284,0.055,2.67,294.2,269.9,7.3,87.2,71.0,Aug([2])
5083_v1,5xxx,O,Plate,Wrought,93.486,0.016,0.469,4.15,0.807,0.464,0.154,0.292,0.113,0.049,2.67,288.2,128.9,21.2,69.1,70.9,"Aug([2],[3])"
5083_v2,5xxx,O,Plate,Wrought,93.473,0.067,0.302,4.57,0.798,0.32,0.124,0.178,0.12,0.048,2.667,301.9,154.1,23.8,65.9,71.4,"Aug([2],[3])"
5083_v1,5xxx,H116,Plate,Wrought,93.407,0.127,0.288,4.541,0.648,0.437,0.107,0.185,0.221,0.039,2.67,318.8,237.4,14.2,76.0,73.1,Aug([2])
5083_v2,5xxx,H116,Plate,Wrought,93.743,0.061,0.314,4.027,0.641,0.431,0.194,0.324,0.203,0.062,2.665,313.1,217.8,17.3,78.3,70.8,Aug([2])
5083_v1,5xxx,H321,Sheet,Wrought,93.339,0.092,0.509,4.437,0.664,0.495,0.111,0.235,0.058,0.06,2.673,308.1,233.9,15.3,76.8,70.8,Aug([2])
5083_v2,5xxx,H321,Sheet,Wrought,93.443,0.151,0.491,4.014,0.839,0.445,0.13,0.316,0.106,0.065,2.648,317.1,238.3,15.9,73.0,71.0,Aug([2])
5086_v1,5xxx,O,Sheet,Wrought,94.02,0.06,0.53,3.838,0.39,0.449,0.105,0.331,0.22,0.057,2.663,256.9,113.5,21.8,61.5,72.2,Aug([2])
5086_v2,5xxx,O,Sheet,Wrought,93.9,0.013,0.599,4.079,0.334,0.319,0.191,0.284,0.216,0.065,2.662,239.9,118.8,20.9,57.2,71.5,Aug([2])
5086_v1,5xxx,H34,Sheet,Wrought,93.792,0.179,0.483,4.086,0.489,0.418,0.17,0.197,0.152,0.034,2.657,341.0,278.5,9.7,83.5,71.6,Aug([2])
5086_v2,5xxx,H34,Sheet,Wrought,94.095,0.149,0.502,4.107,0.321,0.351,0.136,0.244,0.059,0.036,2.653,310.9,255.7,8.7,84.7,71.1,Aug([2])
5154_v1,5xxx,O,Sheet,Wrought,95.54,0.001,0.252,3.275,0.0,0.172,0.184,0.261,0.264,0.051,2.654,222.3,107.6,29.0,55.7,69.4,Aug([2])
5154_v2,5xxx,O,Sheet,Wrought,94.92,0.023,0.354,3.506,0.212,0.249,0.22,0.299,0.176,0.041,2.657,228.2,110.6,27.6,59.2,68.6,Aug([2])
5154_v1,5xxx,H34,Sheet,Wrought,94.741,0.165,0.537,3.757,0.0,0.277,0.155,0.152,0.162,0.054,2.666,302.8,231.5,11.7,68.2,69.6,Aug([2])
5154_v2,5xxx,H34,Sheet,Wrought,94.919,0.024,0.376,3.701,0.0,0.166,0.185,0.288,0.284,0.057,2.656,290.8,230.5,13.7,74.1,71.3,Aug([2])
5182_v1,5xxx,O,Sheet,Wrought,93.978,0.195,0.236,4.822,0.22,0.207,0.064,0.152,0.084,0.042,2.65,282.2,133.2,22.9,68.6,70.0,Aug([2])
5182_v2,5xxx,O,Sheet,Wrought,93.673,0.119,0.419,4.622,0.454,0.238,0.093,0.285,0.055,0.042,2.659,291.4,133.4,23.3,68.9,70.9,Aug([2])
5251_v1,5xxx,O,Sheet,Wrought,96.469,0.114,0.525,1.897,0.13,0.441,0.169,0.125,0.083,0.047,2.679,181.3,75.6,24.6,47.5,71.4,Aug([2])
5251_v2,5xxx,O,Sheet,Wrought,96.656,0.118,0.372,1.928,0.043,0.435,0.161,0.123,0.094,0.07,2.689,171.6,76.9,22.3,44.7,70.5,Aug([2])
5251_v1,5xxx,H34,Sheet,Wrought,97.001,0.127,0.362,1.625,0.066,0.332,0.102,0.201,0.142,0.042,2.702,220.9,174.7,10.2,62.9,70.3,Aug([2])
5251_v2,5xxx,H34,Sheet,Wrought,96.078,0.247,0.437,2.369,0.067,0.377,0.134,0.158,0.081,0.052,2.691,243.0,193.3,8.2,64.1,69.3,Aug([2])
5454_v1,5xxx,O,Sheet,Wrought,95.37,0.012,0.353,2.516,0.94,0.262,0.185,0.266,0.048,0.048,2.694,238.7,101.5,21.8,63.1,72.3,Aug([2])
5454_v2,5xxx,O,Sheet,Wrought,95.364,0.124,0.31,2.616,0.662,0.245,0.204,0.196,0.213,0.066,2.697,252.7,114.2,22.7,60.1,70.6,Aug([2])
5454_v1,5xxx,H34,Sheet,Wrought,94.697,0.055,0.513,3.055,0.695,0.243,0.248,0.247,0.193,0.054,2.686,305.7,239.5,9.2,80.9,71.8,Aug([2])
5454_v2,5xxx,H34,Sheet,Wrought,94.749,0.102,0.398,2.762,0.91,0.346,0.191,0.316,0.173,0.053,2.704,305.9,244.3,9.6,86.3,71.0,Aug([2])
5456_v1,5xxx,O,Plate,Wrought,92.951,0.125,0.528,4.715,0.793,0.288,0.222,0.289,0.047,0.042,2.656,277.0,148.8,25.9,70.9,71.5,Aug([2])
5456_v2,5xxx,O,Plate,Wrought,92.504,0.059,0.254,5.29,0.9,0.298,0.164,0.301,0.174,0.056,2.668,318.0,170.0,23.8,68.8,70.9,Aug([2])
5456_v1,5xxx,H116,Plate,Wrought,93.004,0.081,0.27,4.979,0.683,0.312,0.245,0.164,0.211,0.051,2.654,339.4,249.6,15.2,90.9,72.0,Aug([2])
5456_v2,5xxx,H116,Plate,Wrought,93.02,0.01,0.272,5.022,0.739,0.196,0.178,0.311,0.206,0.046,2.672,345.2,233.2,17.1,84.3,71.0,Aug([2])
5754_v1,5xxx,O,Sheet,Wrought,94.948,0.072,0.444,2.798,0.617,0.401,0.145,0.217,0.325,0.033,2.675,217.1,97.0,24.2,51.5,70.5,"Aug([1]p147,[2])"
5754_v2,5xxx,O,Sheet,Wrought,95.143,0.111,0.406,2.814,0.583,0.354,0.15,0.157,0.227,0.055,2.657,208.7,97.0,26.3,50.0,69.6,"Aug([1]p147,[2])"
5754_v1,5xxx,H111,Sheet,Wrought,95.149,0.168,0.251,2.897,0.572,0.363,0.11,0.172,0.254,0.064,2.664,247.7,178.2,14.4,66.0,69.8,Aug([1]p147)
5754_v2,5xxx,H111,Sheet,Wrought,94.923,0.075,0.539,2.771,0.556,0.399,0.139,0.227,0.341,0.03,2.66,251.9,181.4,14.4,64.0,69.3,Aug([1]p147)
6005_v1,6xxx,T5,Extrusion,Wrought,97.727,0.185,0.393,0.319,0.072,0.983,0.1,0.087,0.096,0.038,2.696,259.1,236.0,7.8,73.9,70.6,Aug([2])
6005_v2,6xxx,T5,Extrusion,Wrought,97.69,0.197,0.455,0.385,0.131,0.789,0.138,0.043,0.118,0.054,2.694,265.3,233.6,7.4,78.5,67.8,Aug([2])
6060_v1,6xxx,T5,Extrusion,Wrought,98.445,0.164,0.11,0.656,0.057,0.347,0.056,0.072,0.052,0.041,2.71,206.8,151.5,10.9,54.3,68.8,Aug([2])
6060_v2,6xxx,T5,Extrusion,Wrought,98.3,0.109,0.229,0.304,0.093,0.585,0.102,0.186,0.031,0.061,2.708,195.8,147.7,12.7,61.2,68.7,Aug([2])
6060_v1,6xxx,T6,Extrusion,Wrought,98.587,0.0,0.138,0.609,0.104,0.339,0.087,0.05,0.03,0.056,2.714,208.6,172.9,10.4,63.4,70.5,Aug([2])
6060_v2,6xxx,T6,Extrusion,Wrought,98.743,0.069,0.141,0.326,0.046,0.299,0.098,0.199,0.047,0.032,2.714,209.8,171.1,9.3,61.7,68.5,Aug([2])
6061_v1,6xxx,O,Sheet,Wrought,96.416,0.317,0.784,1.031,0.079,0.724,0.164,0.228,0.217,0.04,2.695,124.8,56.4,25.7,32.1,69.0,"Aug([2],[3])"
6061_v2,6xxx,O,Sheet,Wrought,96.907,0.342,0.569,0.859,0.052,0.652,0.145,0.177,0.246,0.051,2.692,127.9,51.6,24.7,28.6,68.8,"Aug([2],[3])"
6061_v1,6xxx,T4,Sheet,Wrought,96.963,0.294,0.68,0.818,0.083,0.578,0.121,0.16,0.234,0.069,2.709,245.2,137.0,23.3,59.3,69.4,"Aug([2],[3])"
6061_v2,6xxx,T4,Sheet,Wrought,96.479,0.261,0.728,0.829,0.174,0.792,0.119,0.309,0.241,0.068,2.714,243.3,143.6,20.9,66.4,70.9,"Aug([2],[3])"
6061_v1,6xxx,T6,Sheet,Wrought,96.67,0.204,0.742,1.067,0.083,0.626,0.177,0.25,0.151,0.03,2.696,307.0,262.5,12.6,98.0,68.5,"Aug([2],[3])"
6061_v2,6xxx,T6,Sheet,Wrought,96.888,0.349,0.579,0.971,0.056,0.592,0.166,0.174,0.179,0.046,2.713,302.1,287.2,13.4,92.1,67.1,"Aug([2],[3])"
6061_v1,6xxx,T6,Extrusion,Wrought,96.61,0.366,0.625,1.026,0.122,0.663,0.124,0.188,0.242,0.034,2.7,321.2,274.1,12.5,96.0,69.7,Aug([2])
6061_v2,6xxx,T6,Extrusion,Wrought,96.518,0.261,0.724,1.007,0.202,0.513,0.135,0.329,0.245,0.066,2.698,310.0,292.1,10.6,95.2,67.7,Aug([2])
6061_v1,6xxx,T651,Plate,Wrought,96.891,0.229,0.807,0.883,0.064,0.428,0.194,0.251,0.191,0.062,2.71,307.9,282.2,11.2,95.7,70.1,Aug([2])
6061_v2,6xxx,T651,Plate,Wrought,96.783,0.175,0.813,1.016,0.106,0.57,0.104,0.176,0.227,0.03,2.697,300.2,272.1,11.1,89.8,69.7,Aug([2])
6061_v1,6xxx,T6,Forging,Forged,96.535,0.353,0.805,0.969,0.111,0.53,0.171,0.313,0.168,0.045,2.712,300.7,272.3,13.3,102.1,70.0,Aug([2])
6061_v2,6xxx,T6,Forging,Forged,96.561,0.154,0.713,1.084,0.083,0.712,0.158,0.34,0.154,0.041,2.703,319.5,265.8,11.6,96.1,71.1,Aug([2])
6063_v1,6xxx,O,Extrusion,Wrought,97.545,0.061,0.48,0.831,0.139,0.486,0.096,0.184,0.119,0.059,2.711,103.7,54.3,23.5,26.1,67.9,Aug([2])
6063_v2,6xxx,O,Extrusion,Wrought,97.541,0.051,0.494,0.843,0.14,0.491,0.106,0.189,0.1,0.045,2.69,96.9,54.4,24.1,26.6,67.5,Aug([2])
6063_v1,6xxx,T1,Extrusion,Wrought,97.844,0.161,0.445,0.719,0.193,0.221,0.1,0.144,0.136,0.037,2.709,153.4,86.5,21.7,41.8,68.1,Aug([2])
6063_v2,6xxx,T1,Extrusion,Wrought,97.849,0.037,0.461,0.769,0.159,0.3,0.112,0.114,0.133,0.066,2.685,151.1,91.0,17.2,42.8,67.9,Aug([2])
6063_v1,6xxx,T4,Extrusion,Wrought,98.128,0.136,0.3,0.793,0.081,0.227,0.128,0.057,0.093,0.057,2.695,165.3,90.4,21.1,52.1,69.5,Aug([2])
6063_v2,6xxx,T4,Extrusion,Wrought,98.054,0.151,0.39,0.58,0.084,0.5,0.06,0.056,0.078,0.047,2.714,170.9,86.1,21.6,49.9,70.0,Aug([2])
6063_v1,6xxx,T5,Extrusion,Wrought,98.338,0.077,0.304,0.659,0.053,0.282,0.098,0.054,0.079,0.056,2.714,187.7,137.5,12.4,57.3,68.6,Aug([2])
6063_v2,6xxx,T5,Extrusion,Wrought,98.092,0.13,0.387,0.759,0.053,0.206,0.147,0.05,0.118,0.058,2.703,179.3,140.4,13.0,60.2,69.5,Aug([2])
6063_v1,6xxx,T6,Extrusion,Wrought,98.042,0.011,0.376,0.78,0.136,0.363,0.052,0.117,0.075,0.048,2.714,243.0,221.8,11.7,74.4,67.9,"Aug([2],[3])"
6063_v2,6xxx,T6,Extrusion,Wrought,98.258,0.243,0.231,0.503,0.087,0.237,0.125,0.183,0.093,0.04,2.698,252.4,224.2,10.9,74.5,68.4,"Aug([2],[3])"
6063_v1,6xxx,T83,Extrusion,Wrought,98.197,0.01,0.463,0.795,0.003,0.299,0.071,0.054,0.075,0.033,2.699,254.3,243.9,10.2,79.2,69.2,Aug([2])
6063_v2,6xxx,T83,Extrusion,Wrought,97.437,0.235,0.452,0.822,0.165,0.573,0.104,0.04,0.112,0.06,2.707,256.7,249.2,9.0,83.9,70.3,Aug([2])
6082_v1,6xxx,O,Plate,Wrought,95.998,0.031,0.461,1.058,0.733,1.115,0.095,0.226,0.225,0.058,2.708,142.1,66.9,25.2,35.1,70.0,Aug([2])
6082_v2,6xxx,O,Plate,Wrought,96.561,0.083,0.357,0.82,0.701,0.822,0.099,0.285,0.211,0.061,2.707,122.0,59.0,26.7,33.3,69.7,Aug([2])
6082_v1,6xxx,T4,Sheet,Wrought,96.348,0.194,0.556,0.744,0.658,0.924,0.075,0.203,0.254,0.044,2.706,261.0,171.6,19.9,76.1,68.7,Aug([2])
6082_v2,6xxx,T4,Sheet,Wrought,96.047,0.236,0.448,0.842,0.701,1.176,0.138,0.121,0.239,0.052,2.71,265.1,170.3,20.2,77.4,69.5,Aug([2])
6082_v1,6xxx,T6,Extrusion,Wrought,96.5,0.082,0.533,0.764,0.735,0.872,0.119,0.146,0.212,0.037,2.695,310.9,263.7,11.0,88.7,69.0,"Aug([1]p148,[2])"
6082_v2,6xxx,T6,Extrusion,Wrought,96.724,0.0,0.356,0.766,0.778,0.897,0.085,0.121,0.222,0.051,2.713,290.2,247.0,11.3,100.2,67.2,"Aug([1]p148,[2])"
6082_v1,6xxx,T651,Plate,Wrought,96.035,0.112,0.559,0.981,0.634,1.0,0.091,0.274,0.263,0.051,2.698,295.0,254.6,10.1,87.6,68.6,Aug([2])
6082_v2,6xxx,T651,Plate,Wrought,96.363,0.158,0.412,0.857,0.779,0.882,0.101,0.184,0.202,0.062,2.697,333.9,249.8,11.3,93.2,69.2,Aug([2])
6101_v1,6xxx,T6,Bar,Wrought,97.823,0.201,0.596,0.737,0.027,0.433,0.029,0.09,0.0,0.064,2.711,237.8,193.1,14.7,76.0,68.6,Aug([2])
6101_v2,6xxx,T6,Bar,Wrought,98.126,0.221,0.411,0.427,0.105,0.456,0.004,0.194,0.0,0.056,2.687,229.8,191.1,12.8,73.0,68.3,Aug([2])
6111_v1,6xxx,T4,Sheet,Wrought,96.839,0.662,0.271,0.648,0.293,0.889,0.116,0.192,0.051,0.039,2.715,278.0,162.0,26.1,81.5,69.7,Aug([2])
6111_v2,6xxx,T4,Sheet,Wrought,96.504,0.715,0.27,0.807,0.317,0.913,0.125,0.211,0.102,0.036,2.715,306.4,173.4,24.9,79.8,69.4,Aug([2])
6262_v1,6xxx,T9,Bar,Wrought,95.255,0.402,0.778,1.039,0.181,0.756,0.158,0.276,0.056,1.099,2.726,411.6,373.9,9.1,116.8,68.3,Aug([2])
6262_v2,6xxx,T9,Bar,Wrought,95.752,0.194,0.677,1.163,0.151,0.475,0.108,0.289,0.078,1.113,2.725,392.5,384.6,9.2,124.1,69.1,Aug([2])
6351_v1,6xxx,T6,Extrusion,Wrought,97.078,0.047,0.431,0.476,0.639,0.887,0.21,0.153,0.016,0.063,2.718,309.9,270.6,15.0,94.1,68.3,Aug([2])
6351_v2,6xxx,T6,Extrusion,Wrought,97.257,0.061,0.48,0.412,0.552,0.813,0.238,0.149,0.006,0.032,2.715,308.7,272.3,14.1,95.1,69.2,Aug([2])
7005_v1,7xxx,T53,Extrusion,Wrought,92.63,0.0,0.415,1.14,0.369,0.45,0.023,4.748,0.161,0.064,2.795,392.8,328.7,14.9,99.0,71.8,Aug([2])
7005_v2,7xxx,T53,Extrusion,Wrought,92.286,0.27,0.413,1.288,0.481,0.296,0.0,4.764,0.142,0.06,2.766,403.6,365.9,17.1,106.1,72.3,Aug([2])
7020_v1,7xxx,T6,Plate,Wrought,92.714,0.249,0.498,1.354,0.288,0.391,0.0,4.229,0.21,0.067,2.793,382.6,314.6,8.2,107.9,73.0,"Aug([1]p147,[2])"
7020_v2,7xxx,T6,Plate,Wrought,92.38,0.256,0.311,1.173,0.335,0.386,0.0,4.942,0.167,0.05,2.786,388.9,334.0,9.2,105.4,73.4,"Aug([1]p147,[2])"
7049_v1,7xxx,T73,Forging,Forged,87.749,1.408,0.391,2.373,0.234,0.317,0.067,7.219,0.188,0.054,2.846,538.6,454.5,11.9,131.6,72.9,Aug([2])
7049_v2,7xxx,T73,Forging,Forged,87.327,1.593,0.33,2.192,0.215,0.205,0.142,7.783,0.169,0.044,2.827,519.7,451.4,11.4,129.9,71.1,Aug([2])
7050_v1,7xxx,T7451,Plate,Wrought,88.16,2.518,0.227,2.018,0.147,0.077,0.09,6.697,0.0,0.066,2.834,529.3,459.2,11.0,140.2,71.6,Aug([2])
7050_v2,7xxx,T7451,Plate,Wrought,88.695,2.585,0.213,2.412,0.188,0.037,0.049,5.771,0.011,0.039,2.829,507.8,449.4,10.4,140.0,71.7,Aug([2])
7050_v1,7xxx,T7651,Plate,Wrought,89.338,2.167,0.21,2.096,0.06,0.067,0.023,5.956,0.026,0.057,2.817,521.5,460.1,10.9,134.5,70.6,Aug([2])
7050_v2,7xxx,T7651,Plate,Wrought,88.646,2.519,0.081,1.95,0.097,0.08,0.066,6.504,0.004,0.053,2.83,533.6,451.3,10.8,131.3,71.6,Aug([2])
7075_v1,7xxx,O,Sheet,Wrought,88.837,1.484,0.564,2.234,0.284,0.392,0.223,5.674,0.247,0.061,2.821,215.6,96.5,14.7,57.3,72.5,"Aug([2],[3])"
7075_v2,7xxx,O,Sheet,Wrought,88.737,1.417,0.498,2.645,0.299,0.397,0.234,5.461,0.266,0.046,2.805,235.1,97.5,16.9,58.1,73.7,"Aug([2],[3])"
7075_v1,7xxx,T6,Sheet,Wrought,89.123,1.594,0.529,2.338,0.311,0.374,0.216,5.241,0.237,0.037,2.803,590.9,482.5,10.9,144.0,72.5,"Aug([2],[3])"
7075_v2,7xxx,T6,Sheet,Wrought,88.465,1.856,0.594,2.543,0.229,0.375,0.23,5.467,0.189,0.052,2.82,567.3,517.1,9.7,155.6,72.2,"Aug([2],[3])"
7075_v1,7xxx,T6,Extrusion,Wrought,88.758,1.45,0.453,2.2,0.374,0.459,0.213,5.85,0.195,0.048,2.806,561.6,496.5,10.5,143.0,70.9,Aug([2])
7075_v2,7xxx,T6,Extrusion,Wrought,88.72,1.443,0.582,2.481,0.293,0.452,0.165,5.587,0.223,0.054,2.825,559.1,522.3,10.8,151.1,71.8,Aug([2])
7075_v1,7xxx,T651,Plate,Wrought,88.541,1.669,0.582,2.506,0.3,0.31,0.153,5.651,0.224,0.064,2.8,537.4,505.0,10.5,147.2,72.0,Aug([2])
7075_v2,7xxx,T651,Plate,Wrought,88.545,1.665,0.456,2.304,0.276,0.46,0.189,5.851,0.193,0.061,2.802,584.9,537.5,10.8,154.6,71.8,Aug([2])
7075_v1,7xxx,T73,Sheet,Wrought,88.172,1.765,0.447,2.407,0.206,0.492,0.217,6.033,0.207,0.054,2.815,530.8,457.5,12.2,133.0,72.8,Aug([2])
7075_v2,7xxx,T73,Sheet,Wrought,88.391,1.469,0.593,2.206,0.343,0.441,0.212,6.09,0.211,0.044,2.797,477.7,427.4,14.2,132.6,72.4,Aug([2])
7075_v1,7xxx,T76,Sheet,Wrought,89.234,1.337,0.418,2.298,0.319,0.33,0.247,5.547,0.23,0.04,2.809,523.0,474.5,13.5,140.7,73.2,Aug([2])
7075_v2,7xxx,T76,Sheet,Wrought,88.226,1.843,0.563,2.654,0.211,0.301,0.171,5.764,0.221,0.046,2.822,566.6,462.6,10.7,141.6,71.2,Aug([2])
7150_v1,7xxx,T77511,Extrusion,Wrought,89.095,1.958,0.216,1.972,0.147,0.126,0.019,6.393,0.02,0.054,2.818,549.0,527.5,10.3,158.1,70.7,Aug([2])
7150_v2,7xxx,T77511,Extrusion,Wrought,88.579,2.095,0.236,2.393,0.113,0.151,0.08,6.3,0.023,0.03,2.83,575.4,524.6,8.8,168.6,73.4,Aug([2])
7175_v1,7xxx,T66,Forging,Forged,89.984,1.319,0.232,2.519,0.021,0.085,0.107,5.396,0.274,0.063,2.815,522.6,413.0,10.8,137.2,73.9,Aug([2])
7175_v2,7xxx,T66,Forging,Forged,89.426,1.436,0.223,2.352,0.116,0.122,0.132,5.921,0.228,0.044,2.796,512.8,469.2,9.9,126.3,71.5,Aug([2])
7175_v1,7xxx,T736,Forging,Forged,88.924,1.529,0.262,2.694,0.077,0.142,0.08,6.033,0.192,0.067,2.806,506.5,422.9,10.7,124.0,71.3,Aug([2])
7175_v2,7xxx,T736,Forging,Forged,89.462,1.397,0.231,2.783,0.112,0.193,0.057,5.518,0.192,0.055,2.813,481.0,423.1,11.7,123.7,73.3,Aug([2])
7178_v1,7xxx,T6,Sheet,Wrought,86.741,2.189,0.522,2.724,0.251,0.321,0.185,6.713,0.298,0.056,2.817,601.8,516.9,9.6,162.3,72.0,Aug([2])
7178_v2,7xxx,T6,Sheet,Wrought,87.057,1.725,0.484,2.601,0.376,0.411,0.173,6.802,0.303,0.068,2.822,601.2,539.0,9.5,167.6,72.5,Aug([2])
7178_v1,7xxx,T76,Sheet,Wrought,86.341,2.106,0.486,2.939,0.365,0.329,0.233,6.84,0.314,0.047,2.826,593.2,494.2,11.0,149.5,73.8,Aug([2])
7178_v2,7xxx,T76,Sheet,Wrought,87.233,2.008,0.462,2.844,0.265,0.308,0.177,6.306,0.328,0.069,2.827,537.3,503.1,12.2,148.8,72.2,Aug([2])
7475_v1,7xxx,T61,Sheet,Wrought,89.378,1.67,0.073,2.544,0.0,0.121,0.076,5.888,0.182,0.068,2.8,586.9,481.2,11.9,154.5,68.5,Aug([2])
7475_v2,7xxx,T61,Sheet,Wrought,90.623,1.45,0.052,2.053,0.044,0.151,0.1,5.284,0.209,0.034,2.795,570.9,504.2,12.0,140.8,70.7,Aug([2])
7475_v1,7xxx,T761,Sheet,Wrought,90.509,1.756,0.104,1.98,0.0,0.115,0.049,5.229,0.228,0.03,2.819,504.8,439.3,13.1,123.7,71.9,Aug([2])
7475_v2,7xxx,T761,Sheet,Wrought,89.884,1.784,0.129,2.115,0.102,0.054,0.1,5.575,0.225,0.032,2.808,526.6,459.0,12.1,132.0,70.2,Aug([2])
8011_v1,8xxx,O,Foil,Wrought,98.399,0.035,0.774,0.0,0.0,0.65,0.0,0.099,0.0,0.043,2.707,93.5,37.9,28.3,20.9,69.3,Aug([2])
8011_v2,8xxx,O,Foil,Wrought,98.426,0.204,0.631,0.0,0.0,0.572,0.0,0.136,0.0,0.031,2.707,96.7,45.3,24.9,21.4,68.0,Aug([2])
8011_v3,8xxx,O,Foil,Wrought,98.409,0.065,0.648,0.052,0.033,0.635,0.019,0.079,0.0,0.06,2.706,95.1,39.4,30.0,20.8,70.9,Aug([2])
8011_v4,8xxx,O,Foil,Wrought,98.366,0.246,0.658,0.0,0.012,0.582,0.0,0.066,0.006,0.064,2.701,100.5,45.3,28.3,22.0,68.0,Aug([2])
8011_v5,8xxx,O,Foil,Wrought,98.266,0.206,0.651,0.11,0.0,0.525,0.029,0.135,0.035,0.043,2.715,99.8,49.6,31.2,22.0,70.9,Aug([2])
8090_v1,8xxx,T651,Plate,Wrought,94.258,1.272,0.255,1.031,0.073,0.238,0.084,0.275,0.125,2.389,2.537,485.3,387.4,7.4,136.9,81.0,Aug([2])
8090_v2,8xxx,T651,Plate,Wrought,94.617,1.233,0.293,0.804,0.058,0.152,0.072,0.276,0.093,2.402,2.54,474.2,408.3,7.5,129.3,81.0,Aug([2])
8090_v3,8xxx,T651,Plate,Wrought,94.374,1.326,0.3,0.821,0.059,0.22,0.09,0.333,0.091,2.386,2.556,482.2,373.1,8.4,131.3,80.8,Aug([2])
8090_v4,8xxx,T651,Plate,Wrought,94.264,1.372,0.389,0.889,0.05,0.154,0.083,0.282,0.113,2.404,2.535,495.8,388.3,8.7,133.7,82.0,Aug([2])
8090_v5,8xxx,T651,Plate,Wrought,94.512,1.237,0.227,0.828,0.133,0.284,0.109,0.171,0.09,2.409,2.558,462.4,413.2,9.0,129.3,80.1,Aug([2])
8090_v1,8xxx,T8771,Sheet,Wrought,94.46,1.306,0.217,0.965,0.088,0.221,0.093,0.198,0.059,2.393,2.538,507.2,439.7,4.8,141.5,80.4,Aug([2])
8090_v2,8xxx,T8771,Sheet,Wrought,94.47,1.231,0.261,0.921,0.117,0.236,0.089,0.177,0.113,2.385,2.552,513.4,431.7,6.4,136.0,82.0,Aug([2])
8090_v3,8xxx,T8771,Sheet,Wrought,94.458,1.348,0.237,0.808,0.078,0.189,0.107,0.32,0.07,2.385,2.564,498.5,418.1,5.6,140.6,82.0,Aug([2])
8090_v4,8xxx,T8771,Sheet,Wrought,94.629,1.134,0.211,0.832,0.109,0.209,0.084,0.278,0.132,2.382,2.55,477.7,425.0,6.8,124.8,81.8,Aug([2])
8090_v5,8xxx,T8771,Sheet,Wrought,94.33,1.246,0.328,0.94,0.069,0.24,0.103,0.222,0.141,2.381,2.544,507.0,403.0,6.7,129.4,82.0,Aug([2])
A356.0_v1,Cast,T6,Casting,Cast,91.964,0.354,0.182,0.324,0.187,6.601,0.162,0.134,0.047,0.045,2.667,264.5,175.2,5.3,76.8,71.0,Aug([2])
A356.0_v2,Cast,T6,Casting,Cast,91.574,0.0,0.353,0.324,0.077,7.256,0.194,0.159,0.0,0.063,2.693,246.7,185.0,5.1,79.5,71.2,Aug([2])
A356.0_v3,Cast,T6,Casting,Cast,92.465,0.261,0.233,0.32,0.068,6.403,0.189,0.0,0.023,0.038,2.667,273.2,189.3,5.5,80.6,73.3,Aug([2])
A356.0_v1,Cast,T61,Casting,Cast,92.131,0.224,0.032,0.37,0.182,6.834,0.18,0.0,0.0,0.047,2.683,276.5,209.1,11.4,91.7,71.9,Aug([2])
A356.0_v2,Cast,T61,Casting,Cast,91.835,0.397,0.313,0.283,0.188,6.399,0.238,0.288,0.0,0.059,2.666,290.1,193.8,10.6,85.7,71.9,Aug([2])
A356.0_v3,Cast,T61,Casting,Cast,92.201,0.386,0.38,0.207,0.197,6.338,0.231,0.012,0.0,0.048,2.684,297.5,201.7,10.2,86.0,72.3,Aug([2])
319.0_v1,Cast,T6,Casting,Cast,87.297,3.43,0.887,0.083,0.41,6.513,0.283,1.035,0.0,0.062,2.792,252.3,171.3,1.8,85.5,74.8,Aug([2])
319.0_v2,Cast,T6,Casting,Cast,87.664,3.525,1.042,0.016,0.525,6.115,0.218,0.824,0.01,0.061,2.791,245.0,165.8,1.8,79.1,73.1,Aug([2])
319.0_v3,Cast,T6,Casting,Cast,88.768,3.298,0.874,0.011,0.477,5.282,0.24,1.005,0.0,0.045,2.8,234.7,145.8,3.4,80.3,73.7,Aug([2])
319.0_v1,Cast,F,Casting,Cast,88.12,3.776,0.819,0.0,0.409,5.496,0.254,1.058,0.0,0.068,2.8,191.5,124.5,2.1,69.0,73.7,Aug([2])
319.0_v2,Cast,F,Casting,Cast,86.947,3.274,1.007,0.024,0.472,6.783,0.268,1.18,0.0,0.045,2.792,194.0,129.3,1.7,64.2,73.9,Aug([2])
319.0_v3,Cast,F,Casting,Cast,87.74,3.401,0.871,0.0,0.591,6.159,0.273,0.926,0.0,0.039,2.778,181.9,121.0,2.1,70.3,76.2,Aug([2])
356.0_v1,Cast,T6,Casting,Cast,90.838,0.235,0.769,0.202,0.306,6.76,0.278,0.547,0.0,0.065,2.69,223.1,156.2,3.8,69.2,72.8,Aug([2])
356.0_v2,Cast,T6,Casting,Cast,90.118,0.151,0.692,0.306,0.366,7.532,0.28,0.497,0.0,0.058,2.669,228.5,175.4,2.6,73.6,69.9,Aug([2])
356.0_v3,Cast,T6,Casting,Cast,91.023,0.548,0.454,0.383,0.329,6.413,0.216,0.53,0.038,0.066,2.695,229.7,167.1,3.4,76.8,70.2,Aug([2])
356.0_v1,Cast,T7,Casting,Cast,90.86,0.306,0.63,0.228,0.344,7.086,0.257,0.234,0.024,0.031,2.676,226.2,207.5,2.2,77.3,71.3,Aug([2])
356.0_v2,Cast,T7,Casting,Cast,90.716,0.29,0.718,0.401,0.372,6.981,0.213,0.255,0.0,0.054,2.68,223.5,208.3,2.0,75.8,72.3,Aug([2])
356.0_v3,Cast,T7,Casting,Cast,91.052,0.005,0.65,0.345,0.331,7.034,0.29,0.229,0.0,0.064,2.682,218.9,199.7,2.5,71.9,73.8,Aug([2])
A380.0_v1,Cast,F,Casting,Die Cast,83.246,3.65,1.465,0.122,0.436,8.13,0.0,2.899,0.0,0.052,2.743,349.8,153.1,3.6,75.4,70.1,Aug([2])
A380.0_v2,Cast,F,Casting,Die Cast,82.596,3.44,1.425,0.0,0.53,8.77,0.03,3.173,0.0,0.036,2.752,324.1,173.5,2.9,85.3,72.3,Aug([2])
A380.0_v3,Cast,F,Casting,Die Cast,82.039,3.759,1.499,0.166,0.457,9.108,0.0,2.892,0.04,0.04,2.732,363.9,170.6,2.7,82.0,70.6,Aug([2])
A413.0_v1,Cast,F,Casting,Die Cast,83.855,0.946,1.184,0.243,0.379,12.695,0.0,0.613,0.027,0.058,2.674,314.6,134.0,1.8,87.7,72.3,Aug([2])
A413.0_v2,Cast,F,Casting,Die Cast,84.816,1.045,1.183,0.101,0.312,11.884,0.015,0.598,0.0,0.046,2.653,302.0,129.7,2.5,82.4,71.4,Aug([2])
A413.0_v3,Cast,F,Casting,Die Cast,84.78,1.208,1.173,0.237,0.325,11.743,0.0,0.494,0.0,0.04,2.655,303.3,139.1,2.4,83.6,70.5,Aug([2])
242.0_v1,Cast,T571,Casting,Cast,90.629,4.214,1.106,1.394,0.388,1.412,0.268,0.283,0.25,0.056,2.82,213.6,175.4,1.2,110.3,72.7,Aug([2])
242.0_v2,Cast,T571,Casting,Cast,90.527,4.151,1.125,1.634,0.313,1.274,0.213,0.432,0.274,0.057,2.813,211.3,184.2,1.1,110.2,71.2,Aug([2])
242.0_v3,Cast,T571,Casting,Cast,91.085,3.985,1.14,1.465,0.284,1.238,0.255,0.226,0.272,0.05,2.823,216.4,170.9,1.7,109.9,72.5,Aug([2])
242.0_v1,Cast,T61,Casting,Cast,91.726,3.918,1.152,1.568,0.273,0.552,0.289,0.169,0.296,0.057,2.824,329.9,276.0,0.7,107.9,71.2,Aug([2])
242.0_v2,Cast,T61,Casting,Cast,91.587,4.165,0.957,1.392,0.252,0.771,0.298,0.298,0.236,0.044,2.821,334.2,289.3,0.5,120.5,70.9,Aug([2])
242.0_v3,Cast,T61,Casting,Cast,90.889,4.098,1.038,1.475,0.334,1.156,0.22,0.478,0.265,0.047,2.819,330.5,306.4,0.3,104.0,71.4,Aug([2])
535.0_v1,Cast,F,Casting,Cast,92.255,0.108,0.348,6.881,0.234,0.0,0.135,0.0,0.0,0.039,2.605,244.4,128.3,9.2,65.8,69.9,Aug([2])
535.0_v2,Cast,F,Casting,Cast,92.088,0.057,0.09,6.862,0.174,0.5,0.141,0.0,0.049,0.039,2.607,249.1,131.3,8.5,64.4,69.1,Aug([2])
535.0_v3,Cast,F,Casting,Cast,92.154,0.155,0.154,7.008,0.223,0.0,0.208,0.0,0.049,0.049,2.635,246.8,133.5,9.0,66.3,70.0,Aug([2])
712.0_v1,Cast,F,Casting,Cast,92.461,0.0,0.461,0.52,0.164,0.04,0.233,5.6,0.481,0.04,2.802,237.5,148.2,6.0,65.4,69.5,Aug([2])
712.0_v2,Cast,F,Casting,Cast,91.807,0.476,0.662,0.598,0.066,0.0,0.245,5.624,0.48,0.042,2.805,245.3,170.7,5.0,72.3,71.1,Aug([2])
712.0_v3,Cast,F,Casting,Cast,92.22,0.0,0.682,0.524,0.172,0.0,0.235,5.605,0.501,0.061,2.823,238.8,158.1,5.8,68.2,69.7,Aug([2])
